{"Neuron ID":8,"Connection ID":0,"Weight":0.6336839694733579,"Neuron ID":8,"Connection ID":1,"Weight":0.9394394321522512,"Neuron ID":8,"Connection ID":2,"Weight":0.13104973589051544,"Neuron ID":8,"Connection ID":3,"Weight":-0.9212578492707707,"Neuron ID":8,"Connection ID":4,"Weight":0.7120198325808682,"Neuron ID":8,"Connection ID":5,"Weight":0.4455343729034852,"Neuron ID":8,"Connection ID":6,"Weight":-0.4230198308984931,"Neuron ID":9,"Connection ID":7,"Weight":-1.657117368049712,"Neuron ID":9,"Connection ID":8,"Weight":-0.2737393580773898,"Neuron ID":9,"Connection ID":9,"Weight":-1.3203697768865004,"Neuron ID":9,"Connection ID":10,"Weight":0.7557551097310967,"Neuron ID":9,"Connection ID":11,"Weight":0.12085298026289708,"Neuron ID":9,"Connection ID":12,"Weight":-1.9463151146880635,"Neuron ID":9,"Connection ID":13,"Weight":0.40061208739591325,"Neuron ID":10,"Connection ID":14,"Weight":-1.976953963094324,"Neuron ID":10,"Connection ID":15,"Weight":-1.173999214355305,"Neuron ID":10,"Connection ID":16,"Weight":-0.8600055602148968,"Neuron ID":10,"Connection ID":17,"Weight":0.13486745352482615,"Neuron ID":10,"Connection ID":18,"Weight":0.3474824553089591,"Neuron ID":10,"Connection ID":19,"Weight":-2.6353187283856663,"Neuron ID":10,"Connection ID":20,"Weight":0.8930205605145385,"Neuron ID":11,"Connection ID":21,"Weight":0.2486628898161288,"Neuron ID":11,"Connection ID":22,"Weight":0.36686715527455654,"Neuron ID":11,"Connection ID":23,"Weight":0.12902694605678128,"Neuron ID":11,"Connection ID":24,"Weight":0.6863775214271525,"Neuron ID":11,"Connection ID":25,"Weight":-0.259809902861862,"Neuron ID":11,"Connection ID":26,"Weight":1.3397622525882225,"Neuron ID":11,"Connection ID":27,"Weight":-0.3303253830197443,"Neuron ID":12,"Connection ID":28,"Weight":1.5329548541121387,"Neuron ID":12,"Connection ID":29,"Weight":0.8469115481316835,"Neuron ID":12,"Connection ID":30,"Weight":-0.4420294031427007,"Neuron ID":12,"Connection ID":31,"Weight":-0.2341478824164734,"Neuron ID":12,"Connection ID":32,"Weight":0.5573712180461873,"Neuron ID":12,"Connection ID":33,"Weight":1.12819940336731,"Neuron ID":12,"Connection ID":34,"Weight":-0.1670471513824032}