{"Neuron ID":6,"Connection ID":0,"Weight":-2.17863961265493,"Neuron ID":6,"Connection ID":1,"Weight":-2.4589070991986914,"Neuron ID":6,"Connection ID":2,"Weight":0.21699627234705218,"Neuron ID":6,"Connection ID":3,"Weight":-0.15280092243263274,"Neuron ID":6,"Connection ID":4,"Weight":0.9677526855358937,"Neuron ID":7,"Connection ID":5,"Weight":1.6107777265247447,"Neuron ID":7,"Connection ID":6,"Weight":0.12774781846539943,"Neuron ID":7,"Connection ID":7,"Weight":-0.3185418277336762,"Neuron ID":7,"Connection ID":8,"Weight":-0.6941690377256606,"Neuron ID":7,"Connection ID":9,"Weight":0.06644343238264337,"Neuron ID":8,"Connection ID":10,"Weight":0.7087994733953973,"Neuron ID":8,"Connection ID":11,"Weight":0.763490849845702,"Neuron ID":8,"Connection ID":12,"Weight":0.8121257297808682,"Neuron ID":8,"Connection ID":13,"Weight":-0.5621393153533579,"Neuron ID":8,"Connection ID":14,"Weight":0.8116838624170476,"Neuron ID":9,"Connection ID":15,"Weight":-0.9839564002037867,"Neuron ID":9,"Connection ID":16,"Weight":0.13535618283857623,"Neuron ID":9,"Connection ID":17,"Weight":-0.8326887237527912,"Neuron ID":9,"Connection ID":18,"Weight":0.003787844363145769,"Neuron ID":9,"Connection ID":19,"Weight":-0.7704152597917356,"Neuron ID":10,"Connection ID":20,"Weight":2.2176348584193,"Neuron ID":10,"Connection ID":21,"Weight":2.4856188747740173,"Neuron ID":10,"Connection ID":22,"Weight":-0.3552051939212965,"Neuron ID":10,"Connection ID":23,"Weight":0.10188004723467259,"Neuron ID":10,"Connection ID":24,"Weight":-0.8639207844980745}