{"Neuron ID":6,"Connection ID":0,"Weight":1.5204066505053053,"Neuron ID":6,"Connection ID":1,"Weight":0.03506086663710943,"Neuron ID":6,"Connection ID":2,"Weight":-1.042140608301331,"Neuron ID":6,"Connection ID":3,"Weight":0.6860583901227215,"Neuron ID":6,"Connection ID":4,"Weight":0.38185980291535754,"Neuron ID":7,"Connection ID":5,"Weight":-1.512304051389472,"Neuron ID":7,"Connection ID":6,"Weight":-1.9655281554316675,"Neuron ID":7,"Connection ID":7,"Weight":0.06319906223662243,"Neuron ID":7,"Connection ID":8,"Weight":0.41346148346572453,"Neuron ID":7,"Connection ID":9,"Weight":0.387263251715378,"Neuron ID":8,"Connection ID":10,"Weight":0.38186899736846686,"Neuron ID":8,"Connection ID":11,"Weight":1.5894266883391421,"Neuron ID":8,"Connection ID":12,"Weight":0.1836104117446162,"Neuron ID":8,"Connection ID":13,"Weight":0.5317847434105245,"Neuron ID":8,"Connection ID":14,"Weight":-1.0133995809556102,"Neuron ID":9,"Connection ID":15,"Weight":1.975462156698565,"Neuron ID":9,"Connection ID":16,"Weight":2.2476498038228803,"Neuron ID":9,"Connection ID":17,"Weight":0.35329669435060884,"Neuron ID":9,"Connection ID":18,"Weight":-0.18207389806850094,"Neuron ID":9,"Connection ID":19,"Weight":-0.9777756177044294,"Neuron ID":10,"Connection ID":20,"Weight":-1.7474507552501737,"Neuron ID":10,"Connection ID":21,"Weight":-1.345046159512353,"Neuron ID":10,"Connection ID":22,"Weight":0.46693650525705294,"Neuron ID":10,"Connection ID":23,"Weight":-0.1151815247596265,"Neuron ID":10,"Connection ID":24,"Weight":0.670501923948835,"Neuron ID":11,"Connection ID":25,"Weight":-1.1451866605945307,"Neuron ID":11,"Connection ID":26,"Weight":-0.9782498437645406,"Neuron ID":11,"Connection ID":27,"Weight":-0.145545790793236,"Neuron ID":11,"Connection ID":28,"Weight":-0.050829204825702023,"Neuron ID":11,"Connection ID":29,"Weight":0.009760471940880748}